ID,post_title,guid
105,038A2436,https://tozem.net/wp-content/uploads/2026/02/038A2436.jpg
104,038A2435,https://tozem.net/wp-content/uploads/2026/02/038A2435.jpg
103,038A2434,https://tozem.net/wp-content/uploads/2026/02/038A2434.jpg
102,038A2433,https://tozem.net/wp-content/uploads/2026/02/038A2433.jpg
101,038A2432,https://tozem.net/wp-content/uploads/2026/02/038A2432.jpg
100,038A2431,https://tozem.net/wp-content/uploads/2026/02/038A2431.jpg
99,038A2447,https://tozem.net/wp-content/uploads/2026/02/038A2447.jpg
98,038A2446,https://tozem.net/wp-content/uploads/2026/02/038A2446.jpg
97,038A2445,https://tozem.net/wp-content/uploads/2026/02/038A2445.jpg
96,038A2441,https://tozem.net/wp-content/uploads/2026/02/038A2441.jpg
95,038A2439,https://tozem.net/wp-content/uploads/2026/02/038A2439.jpg
94,038A2438,https://tozem.net/wp-content/uploads/2026/02/038A2438.jpg
93,038A2452,https://tozem.net/wp-content/uploads/2026/02/038A2452.jpg
92,038A2451,https://tozem.net/wp-content/uploads/2026/02/038A2451.jpg
91,038A2450,https://tozem.net/wp-content/uploads/2026/02/038A2450.jpg
